"Gamma0 statistics. Lon. [-71, -58] [Deg], Lat. [-1.5, 1.5] [Deg]: HH Pol., Ascending",,,,,,,,,,
Loc. inc. angle [Deg],Maximum [dB],5th percentile [dB],25th percentile [dB],Median [dB],75th percentile [dB],95th percentile [dB],Minimum [dB],Mean [dB],Std. Dev. [dB],SEM [dB]
25,-2.052785924,-10.55718475,-8.152492669,-6.744868035,-5.395894428,-3.57771261,-13.37243402,-6.371859724,-9.745708846,-52.88512887
26,-2.11143695,-10.49853372,-8.211143695,-6.744868035,-5.454545455,-3.636363636,-13.31378299,-6.420991147,-9.824013659,-53.39277685
27,-2.228739003,-10.55718475,-8.211143695,-6.803519062,-5.513196481,-3.753665689,-13.31378299,-6.482636577,-9.928864811,-53.93373437
28,-2.287390029,-10.55718475,-8.269794721,-6.862170088,-5.571847507,-3.812316716,-13.25513196,-6.53353983,-10.00742401,-54.4181297
29,-2.346041056,-10.55718475,-8.269794721,-6.920821114,-5.630498534,-3.870967742,-13.31378299,-6.574106213,-10.0610351,-54.80400924
30,-2.346041056,-10.61583578,-8.328445748,-6.920821114,-5.630498534,-3.870967742,-13.37243402,-6.598310291,-10.06966257,-55.06328363
31,-2.404692082,-10.6744868,-8.387096774,-6.979472141,-5.630498534,-3.870967742,-13.48973607,-6.625459449,-10.08675883,-55.27656095
32,-2.404692082,-10.73313783,-8.387096774,-6.979472141,-5.68914956,-3.929618768,-13.5483871,-6.643697209,-10.08114066,-55.43968168
33,-2.404692082,-10.79178886,-8.445747801,-6.979472141,-5.68914956,-3.929618768,-13.66568915,-6.661759312,-10.0732775,-55.56820565
34,-2.404692082,-10.85043988,-8.445747801,-7.038123167,-5.68914956,-3.929618768,-13.7829912,-6.683962886,-10.06928017,-55.66158867
35,-2.404692082,-10.96774194,-8.504398827,-7.038123167,-5.747800587,-3.929618768,-13.90029326,-6.715065612,-10.07034177,-55.71883908
36,-2.463343109,-11.02639296,-8.563049853,-7.096774194,-5.747800587,-3.988269795,-14.01759531,-6.767099891,-10.10754485,-55.77272021
37,-2.463343109,-11.14369501,-8.62170088,-7.15542522,-5.806451613,-4.046920821,-14.13489736,-6.823146232,-10.13299039,-55.80395729
38,-2.521994135,-11.20234604,-8.680351906,-7.214076246,-5.865102639,-4.105571848,-14.25219941,-6.887183589,-10.18532326,-55.84920543
39,-2.580645161,-11.26099707,-8.797653959,-7.331378299,-5.982404692,-4.164222874,-14.36950147,-6.953649786,-10.23650779,-55.86933402
40,-2.639296188,-11.37829912,-8.856304985,-7.390029326,-6.041055718,-4.2228739,-14.54545455,-7.02509971,-10.28213031,-55.84145119
41,-2.639296188,-11.5542522,-8.973607038,-7.448680352,-6.099706745,-4.2228739,-14.72140762,-7.095256042,-10.29918652,-55.72456762
42,-2.639296188,-11.67155425,-9.032258065,-7.565982405,-6.158357771,-4.281524927,-14.95601173,-7.163310624,-10.29859679,-55.50012599
43,-2.639296188,-11.84750733,-9.149560117,-7.624633431,-6.217008798,-4.281524927,-15.19061584,-7.220876398,-10.27543495,-55.15846613
44,-2.639296188,-12.08211144,-9.26686217,-7.683284457,-6.217008798,-4.281524927,-15.48387097,-7.270678081,-10.23290471,-54.72489909
45,-2.580645161,-12.31671554,-9.384164223,-7.741935484,-6.217008798,-4.281524927,-15.7771261,-7.307548106,-10.15701327,-54.21148488
46,-2.521994135,-12.49266862,-9.501466276,-7.80058651,-6.217008798,-4.2228739,-16.01173021,-7.339265059,-10.07975842,-53.67941326
47,-2.521994135,-12.72727273,-9.618768328,-7.80058651,-6.275659824,-4.2228739,-16.24633431,-7.377672199,-10.03076766,-53.18436238
48,-2.463343109,-12.90322581,-9.677419355,-7.859237537,-6.275659824,-4.2228739,-16.42228739,-7.407496241,-9.96943667,-52.69207315
49,-2.463343109,-13.02052786,-9.794721408,-7.917888563,-6.275659824,-4.2228739,-16.59824047,-7.440897493,-9.931607223,-52.2331878
50,-2.404692082,-13.19648094,-9.853372434,-7.976539589,-6.33431085,-4.164222874,-16.77419355,-7.466881566,-9.878153638,-51.77155328
51,-2.346041056,-13.31378299,-9.970674487,-8.035190616,-6.33431085,-4.164222874,-16.8914956,-7.489106273,-9.827765188,-51.32461432
,,,,,,,,,,
,,,,,,,,,,
"Gamma0 statistics. Lon. [-71, -58] [Deg], Lat. [-1.5, 1.5] [Deg]: HH Pol., Descending",,,,,,,,,,
Loc. inc. angle [Deg],Maximum [dB],5th percentile [dB],25th percentile [dB],Median [dB],75th percentile [dB],95th percentile [dB],Minimum [dB],Mean [dB],Std. Dev. [dB],SEM [dB]
25,-1.876832845,-10.08797654,-7.859237537,-6.451612903,-5.161290323,-3.401759531,-12.55131965,-6.120825493,-9.592843595,-53.13333931
26,-1.935483871,-10.08797654,-7.859237537,-6.451612903,-5.161290323,-3.401759531,-12.60997067,-6.133354318,-9.621079469,-53.65584599
27,-1.935483871,-10.08797654,-7.859237537,-6.51026393,-5.161290323,-3.401759531,-12.6686217,-6.14482766,-9.634582026,-54.14674638
28,-1.935483871,-10.14662757,-7.859237537,-6.51026393,-5.219941349,-3.460410557,-12.72727273,-6.158495564,-9.646341214,-54.5665886
29,-1.935483871,-10.14662757,-7.917888563,-6.51026393,-5.219941349,-3.460410557,-12.78592375,-6.174318502,-9.647192539,-54.85571931
30,-1.935483871,-10.20527859,-7.917888563,-6.51026393,-5.219941349,-3.460410557,-12.84457478,-6.191641922,-9.634268365,-55.0021801
31,-1.935483871,-10.32258065,-7.976539589,-6.568914956,-5.219941349,-3.460410557,-13.02052786,-6.20492904,-9.599748564,-55.05530121
32,-1.876832845,-10.38123167,-8.035190616,-6.568914956,-5.219941349,-3.401759531,-13.13782991,-6.213151046,-9.555036001,-55.05409683
33,-1.876832845,-10.4398827,-8.035190616,-6.568914956,-5.219941349,-3.401759531,-13.25513196,-6.220461037,-9.531487498,-55.0716115
34,-1.876832845,-10.49853372,-8.035190616,-6.568914956,-5.219941349,-3.401759531,-13.37243402,-6.227343815,-9.515585187,-55.09585628
35,-1.876832845,-10.55718475,-8.093841642,-6.627565982,-5.219941349,-3.401759531,-13.48973607,-6.245312588,-9.510041635,-55.11554477
36,-1.876832845,-10.6744868,-8.152492669,-6.627565982,-5.278592375,-3.460410557,-13.66568915,-6.276893644,-9.512351771,-55.13153184
37,-1.935483871,-10.73313783,-8.152492669,-6.686217009,-5.278592375,-3.460410557,-13.7829912,-6.32034953,-9.547941866,-55.18377665
38,-1.935483871,-10.79178886,-8.211143695,-6.744868035,-5.337243402,-3.519061584,-13.90029326,-6.363681816,-9.566709575,-55.21682957
39,-1.994134897,-10.90909091,-8.328445748,-6.803519062,-5.395894428,-3.57771261,-14.07624633,-6.419938771,-9.601544335,-55.23336448
40,-1.994134897,-11.02639296,-8.387096774,-6.862170088,-5.454545455,-3.57771261,-14.25219941,-6.477368562,-9.611614727,-55.17511294
41,-2.052785924,-11.20234604,-8.445747801,-6.920821114,-5.513196481,-3.636363636,-14.42815249,-6.545265308,-9.64265934,-55.08395155
42,-2.052785924,-11.31964809,-8.563049853,-6.979472141,-5.571847507,-3.695014663,-14.6627566,-6.607397289,-9.644693487,-54.89417814
43,-2.052785924,-11.5542522,-8.680351906,-7.038123167,-5.630498534,-3.695014663,-14.95601173,-6.667831645,-9.62498429,-54.57148021
44,-1.994134897,-11.7888563,-8.797653959,-7.15542522,-5.630498534,-3.695014663,-15.30791789,-6.718283262,-9.553169066,-54.06792925
45,-1.935483871,-12.08211144,-8.973607038,-7.214076246,-5.630498534,-3.636363636,-15.71847507,-6.762813574,-9.450631973,-53.43338655
46,-1.876832845,-12.37536657,-9.090909091,-7.272727273,-5.630498534,-3.57771261,-16.07038123,-6.797387869,-9.341824003,-52.76852309
47,-1.818181818,-12.60997067,-9.208211144,-7.331378299,-5.630498534,-3.519061584,-16.36363636,-6.823112497,-9.243803739,-52.15029441
48,-1.759530792,-12.84457478,-9.325513196,-7.390029326,-5.630498534,-3.519061584,-16.59824047,-6.845036294,-9.161126914,-51.60023572
49,-1.700879765,-13.02052786,-9.442815249,-7.390029326,-5.630498534,-3.460410557,-16.83284457,-6.866056449,-9.087782228,-51.10144288
50,-1.642228739,-13.19648094,-9.560117302,-7.448680352,-5.68914956,-3.460410557,-17.00879765,-6.886217375,-9.022205405,-50.63973646
51,-1.583577713,-13.37243402,-9.618768328,-7.507331378,-5.68914956,-3.401759531,-17.12609971,-6.905389649,-8.962292779,-50.20295261
,,,,,,,,,,
,,,,,,,,,,
"Gamma0 statistics. Lon. [-71, -58] [Deg], Lat. [-1.5, 1.5] [Deg]: HH Pol., Ascending, Dry Season",,,,,,,,,,
Loc. inc. angle [Deg],Maximum [dB],5th percentile [dB],25th percentile [dB],Median [dB],75th percentile [dB],95th percentile [dB],Minimum [dB],Mean [dB],Std. Dev. [dB],SEM [dB]
25,-1.935483871,-10.55718475,-8.093841642,-6.627565982,-5.278592375,-3.460410557,-13.5483871,-6.264012892,-9.577428947,-48.92419113
26,-1.994134897,-10.55718475,-8.093841642,-6.627565982,-5.278592375,-3.519061584,-13.5483871,-6.296608231,-9.628380774,-49.36495156
27,-2.052785924,-10.55718475,-8.152492669,-6.686217009,-5.337243402,-3.57771261,-13.5483871,-6.329800035,-9.6811781,-49.80678616
28,-2.11143695,-10.55718475,-8.152492669,-6.686217009,-5.337243402,-3.57771261,-13.5483871,-6.361969821,-9.738418089,-50.26442345
29,-2.170087977,-10.55718475,-8.152492669,-6.744868035,-5.395894428,-3.636363636,-13.5483871,-6.39475754,-9.8024306,-50.75513269
30,-2.228739003,-10.55718475,-8.152492669,-6.744868035,-5.454545455,-3.695014663,-13.48973607,-6.429116741,-9.875272577,-51.28801472
31,-2.287390029,-10.55718475,-8.211143695,-6.803519062,-5.513196481,-3.753665689,-13.48973607,-6.469994306,-9.951088138,-51.8437288
32,-2.346041056,-10.55718475,-8.211143695,-6.803519062,-5.513196481,-3.812316716,-13.48973607,-6.513111795,-10.02195105,-52.37416367
33,-2.404692082,-10.55718475,-8.269794721,-6.862170088,-5.571847507,-3.870967742,-13.48973607,-6.55250756,-10.07927282,-52.80763007
34,-2.404692082,-10.61583578,-8.269794721,-6.920821114,-5.630498534,-3.870967742,-13.48973607,-6.58692134,-10.10471971,-53.08973659
35,-2.463343109,-10.6744868,-8.328445748,-6.979472141,-5.68914956,-3.929618768,-13.5483871,-6.633807069,-10.13838204,-53.23442802
36,-2.463343109,-10.79178886,-8.445747801,-7.038123167,-5.68914956,-3.988269795,-13.66568915,-6.684193132,-10.1430627,-53.20838155
37,-2.463343109,-10.90909091,-8.504398827,-7.096774194,-5.747800587,-3.988269795,-13.7829912,-6.743245251,-10.15182686,-53.08028243
38,-2.521994135,-11.02639296,-8.563049853,-7.15542522,-5.806451613,-4.046920821,-13.95894428,-6.812290737,-10.18896768,-52.9325299
39,-2.521994135,-11.14369501,-8.680351906,-7.214076246,-5.865102639,-4.105571848,-14.13489736,-6.874570794,-10.20917199,-52.73436965
40,-2.580645161,-11.26099707,-8.739002933,-7.272727273,-5.923753666,-4.105571848,-14.36950147,-6.939495739,-10.2357742,-52.48022491
41,-2.580645161,-11.43695015,-8.856304985,-7.331378299,-5.982404692,-4.164222874,-14.54545455,-6.994059438,-10.21970618,-52.10182274
42,-2.580645161,-11.61290323,-8.973607038,-7.390029326,-6.041055718,-4.164222874,-14.83870968,-7.046753105,-10.18205046,-51.62612016
43,-2.521994135,-11.7888563,-9.032258065,-7.448680352,-6.041055718,-4.164222874,-15.01466276,-7.086866442,-10.11973927,-51.09051641
44,-2.521994135,-11.96480938,-9.149560117,-7.507331378,-6.041055718,-4.164222874,-15.24926686,-7.129472175,-10.07893233,-50.57619899
45,-2.463343109,-12.14076246,-9.26686217,-7.565982405,-6.099706745,-4.105571848,-15.42521994,-7.163123333,-10.02325862,-50.05710917
46,-2.463343109,-12.31671554,-9.325513196,-7.624633431,-6.099706745,-4.105571848,-15.65982405,-7.201333845,-9.988460323,-49.56580699
47,-2.404692082,-12.4340176,-9.442815249,-7.683284457,-6.099706745,-4.105571848,-15.7771261,-7.230810717,-9.938765569,-49.06640417
48,-2.404692082,-12.60997067,-9.501466276,-7.741935484,-6.158357771,-4.105571848,-15.95307918,-7.262030712,-9.904644157,-48.58977621
49,-2.346041056,-12.72727273,-9.560117302,-7.741935484,-6.158357771,-4.105571848,-16.07038123,-7.284112755,-9.853750212,-48.10218274
50,-2.346041056,-12.84457478,-9.677419355,-7.80058651,-6.158357771,-4.105571848,-16.18768328,-7.311117852,-9.824952746,-47.64278121
51,-2.287390029,-12.96187683,-9.736070381,-7.859237537,-6.158357771,-4.046920821,-16.30498534,-7.331063788,-9.777887935,-47.17550918
,,,,,,,,,,
,,,,,,,,,,
"Gamma0 statistics. Lon. [-71, -58] [Deg], Lat. [-1.5, 1.5] [Deg]: HH Pol., Ascending, Wet Season",,,,,,,,,,
Loc. inc. angle [Deg],Maximum [dB],5th percentile [dB],25th percentile [dB],Median [dB],75th percentile [dB],95th percentile [dB],Minimum [dB],Mean [dB],Std. Dev. [dB],SEM [dB]
25,-1.935483871,-10.55718475,-8.152492669,-6.686217009,-5.278592375,-3.519061584,-13.48973607,-6.310022536,-9.599648123,-51.30792491
26,-1.994134897,-10.61583578,-8.152492669,-6.686217009,-5.337243402,-3.57771261,-13.48973607,-6.354129148,-9.657153032,-51.72239661
27,-2.052785924,-10.61583578,-8.211143695,-6.744868035,-5.395894428,-3.57771261,-13.48973607,-6.402566951,-9.715559904,-52.12930735
28,-2.11143695,-10.6744868,-8.269794721,-6.803519062,-5.454545455,-3.636363636,-13.48973607,-6.448887707,-9.770499999,-52.50284483
29,-2.170087977,-10.73313783,-8.328445748,-6.862170088,-5.513196481,-3.695014663,-13.5483871,-6.488823692,-9.815212475,-52.81891278
30,-2.228739003,-10.79178886,-8.328445748,-6.862170088,-5.513196481,-3.753665689,-13.60703812,-6.525599233,-9.85524236,-53.09144496
31,-2.228739003,-10.79178886,-8.387096774,-6.920821114,-5.571847507,-3.753665689,-13.66568915,-6.55958869,-9.876454551,-53.3256103
32,-2.287390029,-10.85043988,-8.445747801,-6.920821114,-5.571847507,-3.812316716,-13.7829912,-6.601684948,-9.918170565,-53.56442548
33,-2.287390029,-10.90909091,-8.445747801,-6.979472141,-5.630498534,-3.812316716,-13.84164223,-6.637921504,-9.939765089,-53.75541394
34,-2.346041056,-10.96774194,-8.504398827,-7.038123167,-5.68914956,-3.870967742,-13.95894428,-6.682625343,-9.977193185,-53.91663537
35,-2.346041056,-11.08504399,-8.563049853,-7.096774194,-5.68914956,-3.929618768,-14.07624633,-6.725180863,-9.992101259,-54.01595074
36,-2.404692082,-11.14369501,-8.62170088,-7.15542522,-5.806451613,-3.988269795,-14.19354839,-6.788383995,-10.04822201,-54.12566409
37,-2.463343109,-11.20234604,-8.680351906,-7.214076246,-5.865102639,-4.046920821,-14.31085044,-6.85485527,-10.10876406,-54.25409933
38,-2.521994135,-11.31964809,-8.739002933,-7.272727273,-5.923753666,-4.105571848,-14.42815249,-6.918355658,-10.17252394,-54.38046941
39,-2.580645161,-11.37829912,-8.797653959,-7.331378299,-5.982404692,-4.164222874,-14.54545455,-6.980873353,-10.22798556,-54.46581842
40,-2.639296188,-11.43695015,-8.914956012,-7.390029326,-6.041055718,-4.2228739,-14.6627566,-7.044296207,-10.2726176,-54.47788118
41,-2.639296188,-11.61290323,-8.973607038,-7.448680352,-6.099706745,-4.2228739,-14.83870968,-7.107057173,-10.28406728,-54.37757993
42,-2.639296188,-11.73020528,-9.090909091,-7.565982405,-6.158357771,-4.281524927,-15.07331378,-7.170049896,-10.27707456,-54.15714789
43,-2.639296188,-11.96480938,-9.208211144,-7.624633431,-6.158357771,-4.281524927,-15.36656891,-7.226470252,-10.24600638,-53.81457728
44,-2.580645161,-12.14076246,-9.325513196,-7.683284457,-6.217008798,-4.281524927,-15.65982405,-7.270304003,-10.17962049,-53.373693
45,-2.580645161,-12.37536657,-9.442815249,-7.741935484,-6.217008798,-4.281524927,-15.89442815,-7.314692283,-10.12992992,-52.91587413
46,-2.521994135,-12.55131965,-9.501466276,-7.80058651,-6.275659824,-4.2228739,-16.12903226,-7.350270406,-10.06041369,-52.42667647
47,-2.521994135,-12.78592375,-9.618768328,-7.859237537,-6.275659824,-4.2228739,-16.36363636,-7.391636578,-10.01685356,-51.96340594
48,-2.463343109,-12.96187683,-9.736070381,-7.917888563,-6.275659824,-4.2228739,-16.53958944,-7.423949271,-9.959558472,-51.49243999
49,-2.404692082,-13.07917889,-9.853372434,-7.976539589,-6.275659824,-4.164222874,-16.71554252,-7.453146446,-9.903922132,-51.02816164
50,-2.404692082,-13.25513196,-9.91202346,-7.976539589,-6.33431085,-4.164222874,-16.8914956,-7.487100927,-9.871596887,-50.59290023
51,-2.346041056,-13.37243402,-10.02932551,-8.035190616,-6.33431085,-4.164222874,-17.00879765,-7.511469254,-9.822073811,-50.15007474
,,,,,,,,,,
,,,,,,,,,,
"Gamma0 statistics. Lon. [-71, -58] [Deg], Lat. [-1.5, 1.5] [Deg]: HH Pol., Descending, Dry Season",,,,,,,,,,
Loc. inc. angle [Deg],Maximum [dB],5th percentile [dB],25th percentile [dB],Median [dB],75th percentile [dB],95th percentile [dB],Minimum [dB],Mean [dB],Std. Dev. [dB],SEM [dB]
25,-1.876832845,-9.91202346,-7.741935484,-6.392961877,-5.102639296,-3.343108504,-12.25806452,-6.0515382,-9.593271881,-50.71538018
26,-1.876832845,-9.91202346,-7.741935484,-6.392961877,-5.102639296,-3.343108504,-12.25806452,-6.043510774,-9.597023217,-51.24554851
27,-1.876832845,-9.91202346,-7.741935484,-6.392961877,-5.102639296,-3.343108504,-12.31671554,-6.045898758,-9.610679632,-51.79451338
28,-1.935483871,-9.91202346,-7.741935484,-6.392961877,-5.102639296,-3.401759531,-12.31671554,-6.065669506,-9.654257536,-52.32961217
29,-1.935483871,-9.970674487,-7.80058651,-6.451612903,-5.161290323,-3.401759531,-12.37536657,-6.098935346,-9.672600416,-52.7309032
30,-1.994134897,-10.08797654,-7.859237537,-6.51026393,-5.219941349,-3.460410557,-12.55131965,-6.153928449,-9.701585962,-52.99065082
31,-1.994134897,-10.14662757,-7.917888563,-6.568914956,-5.219941349,-3.519061584,-12.72727273,-6.206363531,-9.701542984,-53.08162062
32,-1.994134897,-10.26392962,-7.976539589,-6.568914956,-5.278592375,-3.519061584,-12.90322581,-6.243522034,-9.687597966,-53.06303884
33,-1.994134897,-10.38123167,-8.035190616,-6.627565982,-5.278592375,-3.519061584,-13.13782991,-6.267632718,-9.660129161,-52.95053313
34,-1.935483871,-10.49853372,-8.093841642,-6.627565982,-5.278592375,-3.460410557,-13.37243402,-6.282010938,-9.604681584,-52.73434467
35,-1.935483871,-10.61583578,-8.152492669,-6.686217009,-5.278592375,-3.460410557,-13.60703812,-6.310124741,-9.572534015,-52.48041285
36,-1.935483871,-10.79178886,-8.211143695,-6.686217009,-5.337243402,-3.460410557,-13.7829912,-6.344435841,-9.546393535,-52.20936152
37,-1.935483871,-10.90909091,-8.269794721,-6.744868035,-5.337243402,-3.460410557,-13.95894428,-6.375793271,-9.523099251,-51.96127514
38,-1.876832845,-11.02639296,-8.328445748,-6.803519062,-5.337243402,-3.460410557,-14.13489736,-6.398767861,-9.480214509,-51.72421693
39,-1.876832845,-11.14369501,-8.387096774,-6.803519062,-5.395894428,-3.460410557,-14.36950147,-6.42885974,-9.455414161,-51.51443772
40,-1.876832845,-11.26099707,-8.504398827,-6.862170088,-5.395894428,-3.460410557,-14.54545455,-6.460033454,-9.427167582,-51.28350747
41,-1.876832845,-11.43695015,-8.563049853,-6.920821114,-5.395894428,-3.460410557,-14.78005865,-6.495677699,-9.39510529,-51.02386606
42,-1.818181818,-11.5542522,-8.62170088,-6.920821114,-5.454545455,-3.460410557,-15.01466276,-6.527876477,-9.345125506,-50.72593652
43,-1.818181818,-11.7888563,-8.739002933,-6.979472141,-5.454545455,-3.460410557,-15.30791789,-6.570506014,-9.314917887,-50.41261148
44,-1.759530792,-11.96480938,-8.856304985,-7.038123167,-5.513196481,-3.460410557,-15.54252199,-6.608612235,-9.258141976,-50.02477652
45,-1.759530792,-12.19941349,-8.973607038,-7.096774194,-5.513196481,-3.460410557,-15.83577713,-6.652982438,-9.210644551,-49.60702301
46,-1.700879765,-12.37536657,-9.090909091,-7.15542522,-5.513196481,-3.401759531,-16.12903226,-6.689872325,-9.143024289,-49.16360166
47,-1.700879765,-12.60997067,-9.208211144,-7.214076246,-5.571847507,-3.401759531,-16.36363636,-6.727888078,-9.100500902,-48.75716224
48,-1.642228739,-12.78592375,-9.26686217,-7.272727273,-5.571847507,-3.401759531,-16.53958944,-6.755675276,-9.043016397,-48.35837421
49,-1.583577713,-12.96187683,-9.384164223,-7.331378299,-5.571847507,-3.343108504,-16.71554252,-6.781534309,-8.987936154,-47.977966
50,-1.583577713,-13.13782991,-9.501466276,-7.390029326,-5.571847507,-3.343108504,-16.8914956,-6.814409918,-8.95664343,-47.63046673
51,-1.524926686,-13.25513196,-9.560117302,-7.448680352,-5.630498534,-3.343108504,-17.00879765,-6.840333,-8.908721883,-47.2728881
,,,,,,,,,,
,,,,,,,,,,
"Gamma0 statistics. Lon. [-71, -58] [Deg], Lat. [-1.5, 1.5] [Deg]: HH Pol., Descending, Wet Season",,,,,,,,,,
Loc. inc. angle [Deg],Maximum [dB],5th percentile [dB],25th percentile [dB],Median [dB],75th percentile [dB],95th percentile [dB],Minimum [dB],Mean [dB],Std. Dev. [dB],SEM [dB]
25,-1.818181818,-10.20527859,-7.917888563,-6.451612903,-5.161290323,-3.343108504,-12.78592375,-6.119535354,-9.498446167,-51.0311855
26,-1.818181818,-10.26392962,-7.917888563,-6.51026393,-5.161290323,-3.343108504,-12.90322581,-6.137275138,-9.490998712,-51.39035856
27,-1.818181818,-10.32258065,-7.976539589,-6.51026393,-5.161290323,-3.343108504,-13.02052786,-6.157792408,-9.487772845,-51.71843791
28,-1.818181818,-10.38123167,-7.976539589,-6.568914956,-5.161290323,-3.343108504,-13.07917889,-6.176233299,-9.485319717,-51.99205167
29,-1.818181818,-10.38123167,-8.035190616,-6.568914956,-5.219941349,-3.343108504,-13.13782991,-6.191205255,-9.47759592,-52.19041047
30,-1.818181818,-10.49853372,-8.035190616,-6.568914956,-5.219941349,-3.343108504,-13.25513196,-6.205092913,-9.462638317,-52.31532881
31,-1.759530792,-10.55718475,-8.093841642,-6.568914956,-5.161290323,-3.343108504,-13.37243402,-6.194981098,-9.399490195,-52.39469857
32,-1.818181818,-10.61583578,-8.152492669,-6.627565982,-5.219941349,-3.343108504,-13.5483871,-6.237883419,-9.424563366,-52.46467799
33,-1.818181818,-10.6744868,-8.152492669,-6.627565982,-5.219941349,-3.343108504,-13.66568915,-6.260066926,-9.416648068,-52.52659066
34,-1.818181818,-10.79178886,-8.211143695,-6.686217009,-5.278592375,-3.401759531,-13.7829912,-6.283517639,-9.417793295,-52.60190451
35,-1.818181818,-10.79178886,-8.211143695,-6.686217009,-5.278592375,-3.401759531,-13.84164223,-6.307572319,-9.42652052,-52.70405001
36,-1.876832845,-10.85043988,-8.269794721,-6.744868035,-5.337243402,-3.460410557,-13.95894428,-6.342395041,-9.463201417,-52.85597696
37,-1.876832845,-10.90909091,-8.269794721,-6.744868035,-5.337243402,-3.460410557,-14.01759531,-6.372119392,-9.490144688,-53.03352799
38,-1.935483871,-10.96774194,-8.328445748,-6.803519062,-5.395894428,-3.519061584,-14.13489736,-6.413792399,-9.542433201,-53.2455762
39,-1.994134897,-11.02639296,-8.387096774,-6.803519062,-5.454545455,-3.57771261,-14.19354839,-6.460963634,-9.591325967,-53.41270477
40,-1.994134897,-11.14369501,-8.445747801,-6.862170088,-5.454545455,-3.57771261,-14.36950147,-6.512366622,-9.605078407,-53.45849947
41,-2.052785924,-11.26099707,-8.563049853,-6.979472141,-5.513196481,-3.636363636,-14.60410557,-6.578221782,-9.626367174,-53.39833368
42,-2.052785924,-11.49560117,-8.62170088,-7.038123167,-5.571847507,-3.695014663,-14.8973607,-6.643571608,-9.611640861,-53.18022302
43,-1.994134897,-11.73020528,-8.797653959,-7.096774194,-5.630498534,-3.636363636,-15.19061584,-6.702070464,-9.556955626,-52.79237191
44,-1.994134897,-11.96480938,-8.914956012,-7.214076246,-5.630498534,-3.636363636,-15.60117302,-6.760941817,-9.50013261,-52.2898052
45,-1.935483871,-12.25806452,-9.032258065,-7.272727273,-5.68914956,-3.636363636,-15.95307918,-6.804022718,-9.409757704,-51.68955257
46,-1.876832845,-12.55131965,-9.208211144,-7.331378299,-5.68914956,-3.57771261,-16.30498534,-6.838754052,-9.316375773,-51.07392018
47,-1.818181818,-12.78592375,-9.325513196,-7.390029326,-5.68914956,-3.519061584,-16.59824047,-6.865202921,-9.228040795,-50.48862794
48,-1.759530792,-12.96187683,-9.442815249,-7.448680352,-5.68914956,-3.519061584,-16.83284457,-6.886873534,-9.149584767,-49.95525247
49,-1.700879765,-13.19648094,-9.501466276,-7.448680352,-5.68914956,-3.460410557,-17.00879765,-6.906414333,-9.078186508,-49.46367376
50,-1.642228739,-13.31378299,-9.618768328,-7.507331378,-5.68914956,-3.460410557,-17.18475073,-6.925882007,-9.012729436,-49.00521693
51,-1.583577713,-13.48973607,-9.736070381,-7.565982405,-5.68914956,-3.401759531,-17.36070381,-6.945634538,-8.951060767,-48.56788065
,,,,,,,,,,
,,,,,,,,,,
"Gamma0 statistics. Lon. [-71, -58] [Deg], Lat. [0, 2] [Deg]: HH Pol., Ascending",,,,,,,,,,
Loc. inc. angle [Deg],Maximum [dB],5th percentile [dB],25th percentile [dB],Median [dB],75th percentile [dB],95th percentile [dB],Minimum [dB],Mean [dB],Std. Dev. [dB],SEM [dB]
25,-1.994134897,-10.4398827,-8.093841642,-6.686217009,-5.337243402,-3.57771261,-13.25513196,-6.339380157,-9.726432292,-52.5409747
26,-2.11143695,-10.4398827,-8.152492669,-6.744868035,-5.454545455,-3.636363636,-13.25513196,-6.40014691,-9.82810955,-53.08851972
27,-2.170087977,-10.4398827,-8.211143695,-6.803519062,-5.513196481,-3.753665689,-13.19648094,-6.460236379,-9.918403876,-53.63363999
28,-2.287390029,-10.49853372,-8.211143695,-6.862170088,-5.571847507,-3.812316716,-13.19648094,-6.521679993,-10.01997828,-54.15688788
29,-2.346041056,-10.49853372,-8.269794721,-6.920821114,-5.630498534,-3.870967742,-13.19648094,-6.563366389,-10.07752354,-54.55691519
30,-2.346041056,-10.55718475,-8.328445748,-6.920821114,-5.630498534,-3.870967742,-13.25513196,-6.588615275,-10.08671653,-54.82042886
31,-2.404692082,-10.61583578,-8.328445748,-6.979472141,-5.630498534,-3.870967742,-13.37243402,-6.616348621,-10.10359957,-55.03219556
32,-2.404692082,-10.6744868,-8.387096774,-6.979472141,-5.68914956,-3.929618768,-13.48973607,-6.636196741,-10.09553189,-55.18939371
33,-2.404692082,-10.73313783,-8.387096774,-6.979472141,-5.68914956,-3.929618768,-13.60703812,-6.653841653,-10.08608923,-55.30603657
34,-2.404692082,-10.85043988,-8.445747801,-7.038123167,-5.68914956,-3.929618768,-13.72434018,-6.675685714,-10.08056451,-55.38181794
35,-2.404692082,-10.90909091,-8.504398827,-7.038123167,-5.747800587,-3.929618768,-13.84164223,-6.707419209,-10.08192922,-55.42005467
36,-2.463343109,-10.96774194,-8.563049853,-7.096774194,-5.747800587,-3.988269795,-13.95894428,-6.757298634,-10.11420535,-55.45497969
37,-2.463343109,-11.08504399,-8.62170088,-7.15542522,-5.806451613,-4.046920821,-14.07624633,-6.813171772,-10.13771983,-55.4646257
38,-2.521994135,-11.14369501,-8.680351906,-7.214076246,-5.865102639,-4.105571848,-14.19354839,-6.877876235,-10.19044347,-55.49352189
39,-2.580645161,-11.26099707,-8.739002933,-7.272727273,-5.923753666,-4.164222874,-14.31085044,-6.945851042,-10.24452255,-55.50633984
40,-2.580645161,-11.31964809,-8.856304985,-7.390029326,-6.041055718,-4.164222874,-14.42815249,-7.011176704,-10.2734977,-55.45676517
41,-2.639296188,-11.49560117,-8.914956012,-7.448680352,-6.099706745,-4.2228739,-14.60410557,-7.086266838,-10.3131235,-55.35824668
42,-2.639296188,-11.61290323,-9.032258065,-7.507331378,-6.158357771,-4.281524927,-14.83870968,-7.15334008,-10.31441451,-55.13867071
43,-2.639296188,-11.7888563,-9.149560117,-7.565982405,-6.158357771,-4.281524927,-15.07331378,-7.211014229,-10.29315211,-54.80550345
44,-2.639296188,-12.02346041,-9.26686217,-7.683284457,-6.217008798,-4.281524927,-15.36656891,-7.261186836,-10.25132684,-54.37596689
45,-2.580645161,-12.25806452,-9.325513196,-7.683284457,-6.217008798,-4.281524927,-15.65982405,-7.298041814,-10.17366162,-53.85542132
46,-2.580645161,-12.4340176,-9.442815249,-7.741935484,-6.217008798,-4.2228739,-15.95307918,-7.335729471,-10.11221466,-53.32786178
47,-2.521994135,-12.6686217,-9.560117302,-7.80058651,-6.275659824,-4.2228739,-16.18768328,-7.367284403,-10.03988019,-52.79971653
48,-2.463343109,-12.84457478,-9.677419355,-7.859237537,-6.275659824,-4.2228739,-16.42228739,-7.396908689,-9.974655829,-52.29392745
49,-2.404692082,-12.96187683,-9.736070381,-7.917888563,-6.275659824,-4.164222874,-16.53958944,-7.42147331,-9.915584748,-51.80573144
50,-2.404692082,-13.13782991,-9.853372434,-7.976539589,-6.275659824,-4.164222874,-16.71554252,-7.451653456,-9.879867664,-51.3542374
51,-2.346041056,-13.25513196,-9.91202346,-7.976539589,-6.275659824,-4.164222874,-16.83284457,-7.47127456,-9.826991569,-50.90105595
,,,,,,,,,,
,,,,,,,,,,
"Gamma0 statistics. Lon. [-71, -58] [Deg], Lat. [-4, -2] [Deg]: HH Pol., Ascending",,,,,,,,,,
Loc. inc. angle [Deg],Maximum [dB],5th percentile [dB],25th percentile [dB],Median [dB],75th percentile [dB],95th percentile [dB],Minimum [dB],Mean [dB],Std. Dev. [dB],SEM [dB]
25,-2.75659824,-10.02932551,-7.917888563,-6.627565982,-5.513196481,-3.988269795,-12.84457478,-6.421136466,-10.45522755,-50.43552904
26,-2.815249267,-10.02932551,-7.917888563,-6.686217009,-5.513196481,-4.046920821,-12.6686217,-6.453622255,-10.52522864,-51.41229089
27,-2.815249267,-9.970674487,-7.917888563,-6.686217009,-5.571847507,-4.105571848,-12.60997067,-6.479884188,-10.56949476,-52.32826217
28,-2.815249267,-9.970674487,-7.976539589,-6.744868035,-5.630498534,-4.105571848,-12.55131965,-6.503525907,-10.60056042,-53.10484732
29,-2.873900293,-10.02932551,-7.976539589,-6.744868035,-5.630498534,-4.164222874,-12.49266862,-6.531965869,-10.63658664,-53.6984199
30,-2.873900293,-10.08797654,-8.035190616,-6.803519062,-5.68914956,-4.164222874,-12.55131965,-6.562476319,-10.6339257,-54.06025695
31,-2.873900293,-10.14662757,-8.093841642,-6.862170088,-5.68914956,-4.164222874,-12.60997067,-6.600286563,-10.62458151,-54.24193479
32,-2.815249267,-10.26392962,-8.152492669,-6.862170088,-5.747800587,-4.164222874,-12.78592375,-6.634100169,-10.58196391,-54.2735898
33,-2.815249267,-10.32258065,-8.211143695,-6.920821114,-5.747800587,-4.164222874,-12.90322581,-6.665117281,-10.56183369,-54.27310367
34,-2.815249267,-10.38123167,-8.269794721,-6.979472141,-5.747800587,-4.164222874,-12.96187683,-6.69235975,-10.55687779,-54.29309542
35,-2.873900293,-10.4398827,-8.269794721,-6.979472141,-5.806451613,-4.2228739,-13.02052786,-6.731733589,-10.59700424,-54.38423708
36,-2.93255132,-10.49853372,-8.328445748,-7.038123167,-5.865102639,-4.281524927,-13.02052786,-6.778907656,-10.65789506,-54.51103895
37,-2.991202346,-10.49853372,-8.387096774,-7.096774194,-5.923753666,-4.340175953,-13.02052786,-6.828447543,-10.72601725,-54.64832582
38,-3.049853372,-10.55718475,-8.387096774,-7.096774194,-5.923753666,-4.398826979,-13.07917889,-6.873758282,-10.78503159,-54.75855246
39,-3.049853372,-10.61583578,-8.445747801,-7.15542522,-5.982404692,-4.398826979,-13.07917889,-6.905958022,-10.80515348,-54.77476109
40,-3.108504399,-10.6744868,-8.504398827,-7.214076246,-6.041055718,-4.457478006,-13.19648094,-6.942357316,-10.82166746,-54.70387607
41,-3.049853372,-10.73313783,-8.563049853,-7.214076246,-6.041055718,-4.457478006,-13.31378299,-6.968305216,-10.78223649,-54.49009475
42,-3.049853372,-10.85043988,-8.62170088,-7.272727273,-6.041055718,-4.457478006,-13.48973607,-7.005194959,-10.7617448,-54.19330441
43,-3.049853372,-10.96774194,-8.680351906,-7.331378299,-6.099706745,-4.457478006,-13.60703812,-7.051003314,-10.75240935,-53.77171813
44,-3.049853372,-11.08504399,-8.739002933,-7.390029326,-6.158357771,-4.457478006,-13.84164223,-7.106823487,-10.73982842,-53.16104983
45,-3.049853372,-11.26099707,-8.856304985,-7.448680352,-6.158357771,-4.516129032,-14.07624633,-7.162106503,-10.71385585,-52.34368274
46,-2.991202346,-11.43695015,-8.973607038,-7.507331378,-6.217008798,-4.516129032,-14.36950147,-7.211550765,-10.66079898,-51.3743016
47,-2.991202346,-11.61290323,-9.032258065,-7.565982405,-6.275659824,-4.516129032,-14.6627566,-7.269697354,-10.63881873,-50.39362021
48,-2.991202346,-11.73020528,-9.149560117,-7.624633431,-6.33431085,-4.574780059,-14.8973607,-7.331415997,-10.63549643,-49.44659261
49,-3.049853372,-11.90615836,-9.26686217,-7.741935484,-6.392961877,-4.574780059,-15.13196481,-7.40300093,-10.66808372,-48.55944246
50,-3.049853372,-12.02346041,-9.325513196,-7.80058651,-6.451612903,-4.633431085,-15.30791789,-7.467744151,-10.6863891,-47.67468219
51,-3.108504399,-12.14076246,-9.384164223,-7.859237537,-6.51026393,-4.692082111,-15.42521994,-7.538167858,-10.73733715,-46.82303862
,,,,,,,,,,
,,,,,,,,,,
"Gamma0 statistics. Lon. [-71, -58] [Deg], Lat. [-8, -6] [Deg]: HH Pol., Ascending",,,,,,,,,,
Loc. inc. angle [Deg],Maximum [dB],5th percentile [dB],25th percentile [dB],Median [dB],75th percentile [dB],95th percentile [dB],Minimum [dB],Mean [dB],Std. Dev. [dB],SEM [dB]
25,-2.815249267,-10.4398827,-8.152492669,-6.862170088,-5.68914956,-4.105571848,-13.31378299,-6.617715522,-10.49775439,-51.50591947
26,-2.873900293,-10.4398827,-8.211143695,-6.920821114,-5.747800587,-4.164222874,-13.25513196,-6.667830336,-10.5726982,-52.28008411
27,-2.93255132,-10.4398827,-8.211143695,-6.979472141,-5.806451613,-4.2228739,-13.19648094,-6.717778556,-10.64959551,-53.04888792
28,-2.991202346,-10.4398827,-8.269794721,-6.979472141,-5.865102639,-4.281524927,-13.13782991,-6.762997507,-10.71191575,-53.73984285
29,-2.991202346,-10.49853372,-8.328445748,-7.038123167,-5.865102639,-4.340175953,-13.13782991,-6.799040093,-10.73319424,-54.28578552
30,-3.049853372,-10.55718475,-8.387096774,-7.096774194,-5.923753666,-4.340175953,-13.19648094,-6.839177946,-10.75825952,-54.70855108
31,-3.049853372,-10.61583578,-8.387096774,-7.096774194,-5.923753666,-4.398826979,-13.25513196,-6.870664732,-10.75164348,-54.9691987
32,-2.991202346,-10.6744868,-8.445747801,-7.15542522,-5.923753666,-4.340175953,-13.31378299,-6.890324878,-10.71466393,-55.07254086
33,-2.991202346,-10.73313783,-8.504398827,-7.15542522,-5.982404692,-4.340175953,-13.37243402,-6.908210017,-10.6929635,-55.08463036
34,-2.991202346,-10.79178886,-8.504398827,-7.214076246,-5.982404692,-4.340175953,-13.43108504,-6.922351627,-10.67552836,-55.04457937
35,-2.991202346,-10.79178886,-8.563049853,-7.214076246,-5.982404692,-4.340175953,-13.48973607,-6.938584408,-10.67277175,-55.00816539
36,-3.049853372,-10.85043988,-8.563049853,-7.214076246,-5.982404692,-4.398826979,-13.48973607,-6.966732242,-10.71054108,-55.00778621
37,-3.049853372,-10.85043988,-8.62170088,-7.272727273,-6.041055718,-4.457478006,-13.48973607,-6.99933853,-10.73913974,-54.98902238
38,-3.108504399,-10.90909091,-8.680351906,-7.331378299,-6.099706745,-4.457478006,-13.5483871,-7.046992765,-10.79300663,-54.97893595
39,-3.167155425,-10.96774194,-8.680351906,-7.390029326,-6.158357771,-4.516129032,-13.5483871,-7.100098417,-10.85621102,-54.96706617
40,-3.225806452,-11.02639296,-8.739002933,-7.448680352,-6.217008798,-4.574780059,-13.60703812,-7.159160839,-10.92458373,-54.94681948
41,-3.284457478,-11.02639296,-8.797653959,-7.507331378,-6.275659824,-4.692082111,-13.60703812,-7.216010207,-10.99005146,-54.87192724
42,-3.284457478,-11.08504399,-8.856304985,-7.507331378,-6.33431085,-4.692082111,-13.66568915,-7.261351674,-11.01404588,-54.65395176
43,-3.343108504,-11.20234604,-8.914956012,-7.565982405,-6.33431085,-4.750733138,-13.72434018,-7.301474935,-11.03390643,-54.28546393
44,-3.284457478,-11.26099707,-8.973607038,-7.624633431,-6.392961877,-4.692082111,-13.90029326,-7.324737405,-10.98218147,-53.69001468
45,-3.284457478,-11.43695015,-9.032258065,-7.624633431,-6.392961877,-4.692082111,-14.07624633,-7.349700055,-10.93144339,-52.9536632
46,-3.225806452,-11.5542522,-9.090909091,-7.683284457,-6.392961877,-4.692082111,-14.25219941,-7.371948888,-10.85350842,-52.10813014
47,-3.167155425,-11.73020528,-9.208211144,-7.683284457,-6.392961877,-4.633431085,-14.42815249,-7.396537621,-10.77898063,-51.24141554
48,-3.167155425,-11.84750733,-9.26686217,-7.741935484,-6.392961877,-4.633431085,-14.60410557,-7.431013808,-10.73628546,-50.42345823
49,-3.108504399,-11.96480938,-9.325513196,-7.80058651,-6.392961877,-4.633431085,-14.72140762,-7.45952816,-10.68259988,-49.62531755
50,-3.108504399,-12.08211144,-9.442815249,-7.859237537,-6.451612903,-4.633431085,-14.83870968,-7.493109706,-10.65796063,-48.88078971
51,-3.108504399,-12.19941349,-9.501466276,-7.859237537,-6.451612903,-4.633431085,-14.8973607,-7.520101908,-10.63157472,-48.1509321
,,,,,,,,,,
,,,,,,,,,,
"Gamma0 statistics. Lon. [-71, -58] [Deg], Lat. [0, 2] [Deg]: HH Pol., Descending",,,,,,,,,,
Loc. inc. angle [Deg],Maximum [dB],5th percentile [dB],25th percentile [dB],Median [dB],75th percentile [dB],95th percentile [dB],Minimum [dB],Mean [dB],Std. Dev. [dB],SEM [dB]
25,-1.994134897,-10.08797654,-7.80058651,-6.451612903,-5.161290323,-3.460410557,-12.6686217,-6.143331497,-9.725884921,-51.83646305
26,-2.052785924,-10.08797654,-7.859237537,-6.451612903,-5.219941349,-3.519061584,-12.72727273,-6.161585431,-9.761918701,-52.33906841
27,-2.052785924,-10.08797654,-7.859237537,-6.51026393,-5.219941349,-3.519061584,-12.78592375,-6.179091834,-9.784029559,-52.82364297
28,-2.11143695,-10.08797654,-7.859237537,-6.51026393,-5.278592375,-3.57771261,-12.84457478,-6.201082932,-9.821024788,-53.27230883
29,-2.11143695,-10.14662757,-7.859237537,-6.51026393,-5.278592375,-3.57771261,-12.90322581,-6.213081911,-9.824048821,-53.60984606
30,-2.11143695,-10.14662757,-7.859237537,-6.51026393,-5.278592375,-3.57771261,-12.96187683,-6.220501765,-9.81131657,-53.84483115
31,-2.052785924,-10.20527859,-7.917888563,-6.51026393,-5.278592375,-3.519061584,-12.96187683,-6.214733953,-9.767929198,-53.98297891
32,-2.052785924,-10.26392962,-7.917888563,-6.51026393,-5.219941349,-3.519061584,-13.02052786,-6.212101442,-9.746150973,-54.11043944
33,-2.052785924,-10.26392962,-7.917888563,-6.51026393,-5.219941349,-3.519061584,-13.07917889,-6.212290918,-9.730068381,-54.22074285
34,-2.052785924,-10.32258065,-7.917888563,-6.51026393,-5.219941349,-3.519061584,-13.19648094,-6.222724243,-9.719916989,-54.3045776
35,-2.052785924,-10.38123167,-7.976539589,-6.568914956,-5.278592375,-3.519061584,-13.31378299,-6.248473894,-9.720851753,-54.36021627
36,-2.052785924,-10.4398827,-8.035190616,-6.627565982,-5.337243402,-3.57771261,-13.43108504,-6.289026613,-9.733752294,-54.39081353
37,-2.11143695,-10.55718475,-8.093841642,-6.686217009,-5.395894428,-3.636363636,-13.5483871,-6.346363948,-9.780338492,-54.42955421
38,-2.11143695,-10.61583578,-8.152492669,-6.744868035,-5.454545455,-3.636363636,-13.66568915,-6.401747932,-9.809778721,-54.43522375
39,-2.170087977,-10.6744868,-8.211143695,-6.803519062,-5.513196481,-3.695014663,-13.84164223,-6.464195893,-9.85633132,-54.43061075
40,-2.170087977,-10.79178886,-8.269794721,-6.862170088,-5.571847507,-3.753665689,-13.95894428,-6.521809733,-9.8771879,-54.36356244
41,-2.170087977,-10.90909091,-8.328445748,-6.920821114,-5.571847507,-3.753665689,-14.13489736,-6.578795638,-9.886006889,-54.2285387
42,-2.170087977,-11.02639296,-8.445747801,-6.979472141,-5.630498534,-3.812316716,-14.36950147,-6.627185856,-9.870700984,-53.98479162
43,-2.170087977,-11.20234604,-8.504398827,-7.038123167,-5.630498534,-3.812316716,-14.60410557,-6.663178261,-9.824689685,-53.6029538
44,-2.11143695,-11.43695015,-8.62170088,-7.038123167,-5.630498534,-3.753665689,-14.8973607,-6.686263347,-9.726979316,-53.07090119
45,-2.052785924,-11.67155425,-8.739002933,-7.096774194,-5.630498534,-3.695014663,-15.19061584,-6.703699612,-9.606344812,-52.45158025
46,-1.935483871,-11.96480938,-8.856304985,-7.15542522,-5.630498534,-3.636363636,-15.48387097,-6.713290533,-9.463177697,-51.80255628
47,-1.876832845,-12.19941349,-8.973607038,-7.15542522,-5.630498534,-3.57771261,-15.7771261,-6.728679551,-9.352243514,-51.2126917
48,-1.818181818,-12.37536657,-9.090909091,-7.214076246,-5.571847507,-3.519061584,-16.01173021,-6.74563229,-9.256910797,-50.67510716
49,-1.700879765,-12.55131965,-9.208211144,-7.272727273,-5.571847507,-3.460410557,-16.18768328,-6.755187784,-9.152701192,-50.16554356
50,-1.700879765,-12.72727273,-9.26686217,-7.272727273,-5.571847507,-3.460410557,-16.36363636,-6.7778872,-9.097063702,-49.73270454
51,-1.642228739,-12.90322581,-9.384164223,-7.331378299,-5.571847507,-3.401759531,-16.48093842,-6.793257897,-9.030855422,-49.31743562
,,,,,,,,,,
,,,,,,,,,,
"Gamma0 statistics. Lon. [-71, -58] [Deg], Lat. [-4, -2] [Deg]: HH Pol., Descending",,,,,,,,,,
Loc. inc. angle [Deg],Maximum [dB],5th percentile [dB],25th percentile [dB],Median [dB],75th percentile [dB],95th percentile [dB],Minimum [dB],Mean [dB],Std. Dev. [dB],SEM [dB]
25,-1.818181818,-9.677419355,-7.624633431,-6.275659824,-4.985337243,-3.284457478,-12.08211144,-5.926990141,-9.542833742,-49.19405729
26,-1.818181818,-9.677419355,-7.624633431,-6.275659824,-4.985337243,-3.284457478,-12.02346041,-5.934488785,-9.561187111,-50.19965934
27,-1.818181818,-9.736070381,-7.624633431,-6.275659824,-4.985337243,-3.284457478,-12.02346041,-5.948782684,-9.576751996,-51.09513877
28,-1.876832845,-9.736070381,-7.624633431,-6.275659824,-5.04398827,-3.343108504,-12.08211144,-5.970425164,-9.596343412,-51.80009298
29,-1.818181818,-9.853372434,-7.683284457,-6.33431085,-5.04398827,-3.284457478,-12.19941349,-5.984305472,-9.556627701,-52.22990713
30,-1.818181818,-9.91202346,-7.741935484,-6.33431085,-5.04398827,-3.284457478,-12.37536657,-6.014456516,-9.535044042,-52.50228342
31,-1.818181818,-10.02932551,-7.80058651,-6.392961877,-5.102639296,-3.343108504,-12.55131965,-6.047865297,-9.516834269,-52.68410256
32,-1.818181818,-10.14662757,-7.859237537,-6.392961877,-5.102639296,-3.343108504,-12.78592375,-6.071480369,-9.496954963,-52.83976058
33,-1.818181818,-10.20527859,-7.859237537,-6.451612903,-5.102639296,-3.343108504,-12.90322581,-6.080521066,-9.481394454,-53.00900324
34,-1.818181818,-10.20527859,-7.859237537,-6.451612903,-5.102639296,-3.343108504,-12.96187683,-6.085954377,-9.476229667,-53.21089941
35,-1.818181818,-10.20527859,-7.859237537,-6.451612903,-5.102639296,-3.343108504,-13.02052786,-6.09910543,-9.483666261,-53.43630092
36,-1.818181818,-10.26392962,-7.917888563,-6.451612903,-5.161290323,-3.343108504,-13.02052786,-6.119198525,-9.49926914,-53.67096167
37,-1.876832845,-10.32258065,-7.976539589,-6.51026393,-5.161290323,-3.401759531,-13.07917889,-6.162365482,-9.539821134,-53.91998345
38,-1.935483871,-10.4398827,-8.035190616,-6.568914956,-5.219941349,-3.460410557,-13.19648094,-6.229307482,-9.587628048,-54.14344562
39,-1.994134897,-10.55718475,-8.152492669,-6.686217009,-5.337243402,-3.519061584,-13.37243402,-6.320182523,-9.642080551,-54.28648218
40,-2.052785924,-10.73313783,-8.269794721,-6.803519062,-5.395894428,-3.57771261,-13.66568915,-6.428253039,-9.696611749,-54.29561665
41,-2.11143695,-10.96774194,-8.387096774,-6.920821114,-5.513196481,-3.695014663,-13.95894428,-6.542360718,-9.752011269,-54.16031832
42,-2.170087977,-11.14369501,-8.563049853,-7.038123167,-5.630498534,-3.753665689,-14.25219941,-6.653178892,-9.79340689,-53.8427356
43,-2.228739003,-11.43695015,-8.739002933,-7.15542522,-5.68914956,-3.812316716,-14.6627566,-6.75941737,-9.806694367,-53.2975807
44,-2.228739003,-11.73020528,-8.914956012,-7.272727273,-5.806451613,-3.870967742,-15.07331378,-6.853791802,-9.772327659,-52.51281936
45,-2.170087977,-12.08211144,-9.090909091,-7.390029326,-5.865102639,-3.870967742,-15.60117302,-6.942706488,-9.700970305,-51.55438866
46,-2.170087977,-12.4340176,-9.26686217,-7.507331378,-5.923753666,-3.870967742,-16.07038123,-7.036069837,-9.654014018,-50.55683241
47,-2.170087977,-12.78592375,-9.501466276,-7.624633431,-5.982404692,-3.870967742,-16.53958944,-7.131149137,-9.621395117,-49.56936944
48,-2.170087977,-13.07917889,-9.677419355,-7.741935484,-6.041055718,-3.929618768,-16.8914956,-7.226690193,-9.606792674,-48.61936987
49,-2.170087977,-13.37243402,-9.853372434,-7.859237537,-6.099706745,-3.988269795,-17.24340176,-7.324294446,-9.603503503,-47.70288999
50,-2.228739003,-13.66568915,-10.02932551,-7.976539589,-6.217008798,-3.988269795,-17.53665689,-7.424364496,-9.626353743,-46.83417372
51,-2.228739003,-13.90029326,-10.20527859,-8.093841642,-6.275659824,-4.046920821,-17.771261,-7.51622125,-9.635204818,-45.97320371
,,,,,,,,,,
,,,,,,,,,,
"Gamma0 statistics. Lon. [-71, -58] [Deg], Lat. [-8, -6] [Deg]: HH Pol., Descending",,,,,,,,,,
Loc. inc. angle [Deg],Maximum [dB],5th percentile [dB],25th percentile [dB],Median [dB],75th percentile [dB],95th percentile [dB],Minimum [dB],Mean [dB],Std. Dev. [dB],SEM [dB]
25,-2.052785924,-10.14662757,-8.035190616,-6.627565982,-5.337243402,-3.57771261,-12.55131965,-6.284022044,-9.7770164,-50.69455482
26,-2.11143695,-10.20527859,-8.035190616,-6.686217009,-5.395894428,-3.57771261,-12.60997067,-6.327804311,-9.819290734,-51.46848992
27,-2.11143695,-10.26392962,-8.093841642,-6.744868035,-5.395894428,-3.636363636,-12.6686217,-6.366785356,-9.836813788,-52.15127917
28,-2.11143695,-10.32258065,-8.152492669,-6.744868035,-5.454545455,-3.636363636,-12.72727273,-6.395308736,-9.839220233,-52.70293255
29,-2.11143695,-10.38123167,-8.152492669,-6.744868035,-5.454545455,-3.636363636,-12.84457478,-6.409383762,-9.822642874,-53.10918023
30,-2.11143695,-10.4398827,-8.211143695,-6.803519062,-5.454545455,-3.636363636,-13.02052786,-6.413194324,-9.794710768,-53.3969701
31,-2.11143695,-10.49853372,-8.211143695,-6.744868035,-5.395894428,-3.636363636,-13.07917889,-6.405067665,-9.766794374,-53.59332111
32,-2.052785924,-10.55718475,-8.211143695,-6.744868035,-5.395894428,-3.57771261,-13.19648094,-6.385917767,-9.716021884,-53.69606828
33,-2.052785924,-10.55718475,-8.211143695,-6.744868035,-5.337243402,-3.57771261,-13.25513196,-6.367824877,-9.692064972,-53.77095278
34,-2.052785924,-10.55718475,-8.152492669,-6.686217009,-5.337243402,-3.57771261,-13.31378299,-6.355617797,-9.678045879,-53.83488908
35,-2.052785924,-10.61583578,-8.211143695,-6.686217009,-5.337243402,-3.57771261,-13.37243402,-6.360758333,-9.679702952,-53.93179595
36,-2.052785924,-10.61583578,-8.211143695,-6.744868035,-5.395894428,-3.57771261,-13.37243402,-6.385901347,-9.693899111,-54.0651574
37,-2.11143695,-10.6744868,-8.269794721,-6.803519062,-5.454545455,-3.636363636,-13.48973607,-6.439272385,-9.735891638,-54.24800366
38,-2.11143695,-10.79178886,-8.328445748,-6.862170088,-5.513196481,-3.695014663,-13.60703812,-6.502544738,-9.765971592,-54.42308653
39,-2.170087977,-10.90909091,-8.445747801,-6.979472141,-5.571847507,-3.753665689,-13.72434018,-6.584061724,-9.821019139,-54.57550363
40,-2.228739003,-11.08504399,-8.563049853,-7.038123167,-5.68914956,-3.812316716,-13.95894428,-6.676286509,-9.870552875,-54.62305724
41,-2.287390029,-11.20234604,-8.680351906,-7.15542522,-5.747800587,-3.870967742,-14.19354839,-6.770072897,-9.913083088,-54.53762966
42,-2.346041056,-11.43695015,-8.797653959,-7.272727273,-5.806451613,-3.929618768,-14.48680352,-6.856937949,-9.938372029,-54.29207226
43,-2.346041056,-11.61290323,-8.914956012,-7.331378299,-5.865102639,-3.929618768,-14.78005865,-6.929691187,-9.921420416,-53.8423599
44,-2.346041056,-11.90615836,-9.090909091,-7.390029326,-5.923753666,-3.988269795,-15.13196481,-6.996044948,-9.879507398,-53.20611642
45,-2.287390029,-12.14076246,-9.208211144,-7.507331378,-5.923753666,-3.929618768,-15.54252199,-7.052739757,-9.803748002,-52.42218919
46,-2.228739003,-12.4340176,-9.384164223,-7.565982405,-5.982404692,-3.929618768,-15.95307918,-7.108440451,-9.731035689,-51.58463505
47,-2.228739003,-12.6686217,-9.501466276,-7.683284457,-6.041055718,-3.929618768,-16.30498534,-7.172415618,-9.692678157,-50.76729147
48,-2.228739003,-12.90322581,-9.618768328,-7.741935484,-6.099706745,-3.929618768,-16.59824047,-7.238197077,-9.665863577,-49.96709628
49,-2.228739003,-13.13782991,-9.794721408,-7.859237537,-6.099706745,-3.988269795,-16.83284457,-7.304362349,-9.645595744,-49.17917762
50,-2.228739003,-13.37243402,-9.91202346,-7.917888563,-6.158357771,-3.988269795,-17.06744868,-7.372859525,-9.631822844,-48.40513506
51,-2.170087977,-13.5483871,-10.08797654,-8.035190616,-6.217008798,-3.988269795,-17.30205279,-7.435628708,-9.599397881,-47.61723246
,,,,,,,,,,
,,,,,,,,,,
"Gamma0 statistics. Lon. [-66.5, -54.5] [Deg], Lat. [-5.5, -2.5] [Deg]: VV Pol., Ascending",,,,,,,,,,
Loc. inc. angle [Deg],Maximum [dB],5th percentile [dB],25th percentile [dB],Median [dB],75th percentile [dB],95th percentile [dB],Minimum [dB],Mean [dB],Std. Dev. [dB],SEM [dB]
25,-3.108504399,-10.96774194,-8.504398827,-7.15542522,-5.982404692,-4.457478006,-14.01759531,-6.959032689,-10.7568529,-39.02423243
26,-3.167155425,-10.85043988,-8.504398827,-7.15542522,-5.982404692,-4.457478006,-13.84164223,-6.95614805,-10.80209665,-39.80637254
27,-3.167155425,-10.85043988,-8.563049853,-7.214076246,-6.041055718,-4.516129032,-13.7829912,-6.984286486,-10.82698261,-40.60458676
28,-3.225806452,-10.85043988,-8.563049853,-7.214076246,-6.041055718,-4.516129032,-13.7829912,-7.001725989,-10.8534453,-41.38911851
29,-3.225806452,-10.90909091,-8.563049853,-7.272727273,-6.041055718,-4.516129032,-13.7829912,-7.023408904,-10.85312657,-42.15325919
30,-3.225806452,-10.96774194,-8.680351906,-7.331378299,-6.099706745,-4.516129032,-13.90029326,-7.075608951,-10.85901756,-42.91528387
31,-3.284457478,-11.02639296,-8.739002933,-7.390029326,-6.158357771,-4.574780059,-13.90029326,-7.126656091,-10.90225735,-43.70442455
32,-3.284457478,-11.08504399,-8.797653959,-7.448680352,-6.217008798,-4.633431085,-13.95894428,-7.170810278,-10.90654807,-44.42195595
33,-3.284457478,-11.14369501,-8.856304985,-7.448680352,-6.217008798,-4.633431085,-14.01759531,-7.209974029,-10.91197421,-45.17318777
34,-3.343108504,-11.20234604,-8.914956012,-7.507331378,-6.275659824,-4.633431085,-14.07624633,-7.248750385,-10.93459338,-45.96912817
35,-3.343108504,-11.26099707,-8.914956012,-7.565982405,-6.33431085,-4.692082111,-14.13489736,-7.286986492,-10.94910342,-46.79936944
36,-3.343108504,-11.31964809,-8.973607038,-7.624633431,-6.33431085,-4.692082111,-14.19354839,-7.329888047,-10.97026993,-47.71397446
37,-3.401759531,-11.37829912,-9.032258065,-7.624633431,-6.392961877,-4.750733138,-14.25219941,-7.371849362,-11.01219982,-48.70816609
38,-3.401759531,-11.43695015,-9.090909091,-7.683284457,-6.451612903,-4.809384164,-14.25219941,-7.40833024,-11.04390659,-49.74903031
39,-3.460410557,-11.43695015,-9.090909091,-7.741935484,-6.51026393,-4.868035191,-14.19354839,-7.454369382,-11.11590118,-50.86841143
40,-3.57771261,-11.43695015,-9.149560117,-7.80058651,-6.568914956,-4.926686217,-14.13489736,-7.507120225,-11.22086065,-51.98050401
41,-3.636363636,-11.43695015,-9.149560117,-7.80058651,-6.627565982,-4.985337243,-14.07624633,-7.559117278,-11.31695228,-52.9352156
42,-3.695014663,-11.43695015,-9.208211144,-7.859237537,-6.686217009,-5.102639296,-14.01759531,-7.61806779,-11.41257546,-53.59526589
43,-3.753665689,-11.49560117,-9.26686217,-7.976539589,-6.744868035,-5.161290323,-14.07624633,-7.685555581,-11.4840102,-53.78096075
44,-3.812316716,-11.61290323,-9.325513196,-8.035190616,-6.803519062,-5.161290323,-14.25219941,-7.754118733,-11.50446643,-53.36791337
45,-3.753665689,-11.7888563,-9.442815249,-8.093841642,-6.862170088,-5.161290323,-14.54545455,-7.810315785,-11.44098923,-52.43227292
46,-3.753665689,-11.96480938,-9.560117302,-8.152492669,-6.862170088,-5.219941349,-14.8973607,-7.862990633,-11.3939052,-51.29679401
47,-3.753665689,-12.14076246,-9.677419355,-8.211143695,-6.920821114,-5.219941349,-15.19061584,-7.91357591,-11.37035177,-50.1536237
48,-3.753665689,-12.31671554,-9.736070381,-8.269794721,-6.979472141,-5.219941349,-15.48387097,-7.962017859,-11.35569353,-49.04888582
49,-3.753665689,-12.4340176,-9.794721408,-8.328445748,-6.979472141,-5.278592375,-15.7771261,-8.017031294,-11.34665519,-47.99355355
50,-3.753665689,-12.60997067,-9.91202346,-8.387096774,-7.038123167,-5.278592375,-16.07038123,-8.073053375,-11.3419229,-46.99493523
51,-3.812316716,-12.78592375,-10.02932551,-8.445747801,-7.096774194,-5.337243402,-16.30498534,-8.141263412,-11.36417226,-46.04479835
,,,,,,,,,,
,,,,,,,,,,
"Gamma0 statistics. Lon. [-66.5, -54.5] [Deg], Lat. [-5.5, -2.5] [Deg]: VV Pol., Descending",,,,,,,,,,
Loc. inc. angle [Deg],Maximum [dB],5th percentile [dB],25th percentile [dB],Median [dB],75th percentile [dB],95th percentile [dB],Minimum [dB],Mean [dB],Std. Dev. [dB],SEM [dB]
25,-2.463343109,-10.14662757,-7.976539589,-6.627565982,-5.395894428,-3.812316716,-12.60997067,-6.352857445,-10.12520656,-45.36239578
26,-2.404692082,-10.02932551,-7.917888563,-6.568914956,-5.337243402,-3.753665689,-12.49266862,-6.306064189,-10.10335172,-46.51888738
27,-2.404692082,-9.970674487,-7.859237537,-6.51026393,-5.337243402,-3.753665689,-12.31671554,-6.263662505,-10.1149277,-47.71596507
28,-2.404692082,-9.91202346,-7.80058651,-6.51026393,-5.278592375,-3.753665689,-12.25806452,-6.23743861,-10.12035365,-48.71899653
29,-2.404692082,-9.853372434,-7.80058651,-6.51026393,-5.337243402,-3.753665689,-12.19941349,-6.237869714,-10.12018651,-49.35659977
30,-2.346041056,-9.91202346,-7.80058651,-6.51026393,-5.337243402,-3.695014663,-12.31671554,-6.249507414,-10.07872219,-49.58338382
31,-2.346041056,-10.02932551,-7.859237537,-6.568914956,-5.337243402,-3.695014663,-12.4340176,-6.264129614,-10.03970942,-49.4531259
32,-2.287390029,-10.14662757,-7.917888563,-6.568914956,-5.337243402,-3.636363636,-12.60997067,-6.275033111,-9.95618539,-48.95762581
33,-2.170087977,-10.26392962,-7.976539589,-6.568914956,-5.278592375,-3.636363636,-12.90322581,-6.281866468,-9.831087623,-48.18818038
34,-2.11143695,-10.38123167,-8.035190616,-6.568914956,-5.278592375,-3.57771261,-13.07917889,-6.272257146,-9.728687615,-47.38841585
35,-2.052785924,-10.4398827,-8.035190616,-6.568914956,-5.219941349,-3.519061584,-13.19648094,-6.23546327,-9.660198133,-46.79922821
36,-2.052785924,-10.38123167,-7.976539589,-6.51026393,-5.219941349,-3.519061584,-13.19648094,-6.212248863,-9.671058748,-46.55527201
37,-2.052785924,-10.32258065,-7.976539589,-6.568914956,-5.219941349,-3.519061584,-13.13782991,-6.229645543,-9.706214341,-46.44457135
38,-2.11143695,-10.38123167,-8.035190616,-6.627565982,-5.337243402,-3.57771261,-13.19648094,-6.304627321,-9.769010457,-46.34976195
39,-2.170087977,-10.49853372,-8.152492669,-6.744868035,-5.454545455,-3.695014663,-13.25513196,-6.408251402,-9.865721336,-46.3088684
40,-2.287390029,-10.55718475,-8.269794721,-6.862170088,-5.513196481,-3.812316716,-13.31378299,-6.51259182,-9.985226998,-46.28531666
41,-2.346041056,-10.73313783,-8.328445748,-6.920821114,-5.630498534,-3.870967742,-13.48973607,-6.606416343,-10.03981609,-46.00429291
42,-2.346041056,-10.96774194,-8.504398827,-7.038123167,-5.68914956,-3.929618768,-13.84164223,-6.692383096,-10.01811406,-45.35009407
43,-2.287390029,-11.26099707,-8.680351906,-7.15542522,-5.747800587,-3.929618768,-14.25219941,-6.773239706,-9.940453874,-44.43221376
44,-2.228739003,-11.5542522,-8.856304985,-7.214076246,-5.806451613,-3.870967742,-14.72140762,-6.849292367,-9.855825972,-43.46423245
45,-2.228739003,-11.84750733,-9.032258065,-7.331378299,-5.865102639,-3.929618768,-15.19061584,-6.94103036,-9.811905703,-42.54320834
46,-2.170087977,-12.14076246,-9.208211144,-7.448680352,-5.923753666,-3.929618768,-15.60117302,-7.015892849,-9.745921701,-41.62721471
47,-2.170087977,-12.4340176,-9.325513196,-7.565982405,-5.982404692,-3.929618768,-16.07038123,-7.086540812,-9.693374178,-40.68630775
48,-2.11143695,-12.72727273,-9.501466276,-7.624633431,-5.982404692,-3.929618768,-16.42228739,-7.152980301,-9.637274195,-39.7420933
49,-2.11143695,-13.02052786,-9.677419355,-7.741935484,-6.041055718,-3.929618768,-16.77419355,-7.221791397,-9.594014806,-38.78077941
50,-2.11143695,-13.31378299,-9.853372434,-7.80058651,-6.099706745,-3.929618768,-16.95014663,-7.285352547,-9.538189665,-37.76845276
51,-2.052785924,-13.66568915,-10.02932551,-7.976539589,-6.158357771,-3.929618768,-17.30205279,-7.377678883,-9.481530604,-36.77612424
,,,,,,,,,,
,,,,,,,,,,
"Gamma0 statistics. Lon. [-65, -54.5] [Deg], Lat. [-5, -3] [Deg]: HV Pol., Ascending",,,,,,,,,,
Loc. inc. angle [Deg],Maximum [dB],5th percentile [dB],25th percentile [dB],Median [dB],75th percentile [dB],95th percentile [dB],Minimum [dB],Mean [dB],Std. Dev. [dB],SEM [dB]
25,-9.736070381,-17.24340176,-15.01466276,-13.66568915,-12.49266862,-11.02639296,-19.53079179,-13.45229976,-17.36632652,-41.06904785
26,-9.794721408,-17.18475073,-15.01466276,-13.66568915,-12.49266862,-10.96774194,-19.53079179,-13.42583663,-17.34475519,-41.68565481
27,-9.794721408,-17.12609971,-14.95601173,-13.60703812,-12.4340176,-10.96774194,-19.41348974,-13.4159557,-17.38243,-42.41565857
28,-9.736070381,-17.06744868,-14.95601173,-13.60703812,-12.4340176,-10.96774194,-19.29618768,-13.4098048,-17.371631,-43.12797449
29,-9.794721408,-17.06744868,-14.95601173,-13.66568915,-12.49266862,-10.96774194,-19.23753666,-13.42434138,-17.39466967,-43.85316743
30,-9.794721408,-17.12609971,-14.95601173,-13.66568915,-12.4340176,-10.96774194,-19.29618768,-13.41969383,-17.37324307,-44.53851416
31,-9.794721408,-17.12609971,-14.95601173,-13.66568915,-12.49266862,-10.96774194,-19.29618768,-13.42707008,-17.38930491,-45.30964304
32,-9.736070381,-17.12609971,-14.95601173,-13.66568915,-12.49266862,-10.96774194,-19.29618768,-13.43186746,-17.37608145,-46.02108284
33,-9.736070381,-17.12609971,-15.01466276,-13.66568915,-12.49266862,-10.96774194,-19.23753666,-13.43769252,-17.35850901,-46.70870455
34,-9.736070381,-17.18475073,-15.01466276,-13.66568915,-12.49266862,-10.96774194,-19.23753666,-13.44135746,-17.34957851,-47.37157019
35,-9.736070381,-17.12609971,-15.01466276,-13.66568915,-12.49266862,-10.96774194,-19.17888563,-13.44389067,-17.35389767,-48.01008009
36,-9.677419355,-17.12609971,-15.01466276,-13.66568915,-12.49266862,-10.96774194,-19.17888563,-13.44483845,-17.33606754,-48.55338354
37,-9.677419355,-17.12609971,-15.01466276,-13.72434018,-12.49266862,-10.96774194,-19.1202346,-13.44481599,-17.34501782,-49.01675168
38,-9.677419355,-17.12609971,-15.01466276,-13.72434018,-12.49266862,-10.96774194,-19.1202346,-13.44661421,-17.3457242,-49.3406252
39,-9.677419355,-17.12609971,-15.01466276,-13.72434018,-12.49266862,-10.96774194,-19.1202346,-13.45321615,-17.34100099,-49.49380773
40,-9.677419355,-17.12609971,-15.01466276,-13.72434018,-12.49266862,-10.96774194,-19.1202346,-13.45221651,-17.31802659,-49.43702958
41,-9.618768328,-17.12609971,-15.07331378,-13.72434018,-12.49266862,-10.90909091,-19.1202346,-13.44803134,-17.27829218,-49.17693219
42,-9.618768328,-17.18475073,-15.07331378,-13.72434018,-12.49266862,-10.90909091,-19.17888563,-13.44454392,-17.2454642,-48.75965147
43,-9.560117302,-17.18475073,-15.07331378,-13.72434018,-12.49266862,-10.85043988,-19.17888563,-13.44440449,-17.18417382,-48.15666366
44,-9.501466276,-17.24340176,-15.13196481,-13.72434018,-12.49266862,-10.85043988,-19.17888563,-13.44599567,-17.13097521,-47.41467834
45,-9.442815249,-17.30205279,-15.13196481,-13.72434018,-12.4340176,-10.79178886,-19.17888563,-13.44048369,-17.06337396,-46.5506104
46,-9.442815249,-17.36070381,-15.19061584,-13.7829912,-12.4340176,-10.79178886,-19.23753666,-13.44742535,-17.03558654,-45.62438828
47,-9.442815249,-17.36070381,-15.19061584,-13.7829912,-12.4340176,-10.79178886,-19.29618768,-13.44541522,-16.99274413,-44.64668717
48,-9.384164223,-17.36070381,-15.24926686,-13.7829912,-12.4340176,-10.73313783,-19.29618768,-13.45346386,-16.94689703,-43.65770716
49,-9.384164223,-17.41935484,-15.24926686,-13.84164223,-12.49266862,-10.73313783,-19.29618768,-13.47282528,-16.96101369,-42.76596595
50,-9.325513196,-17.41935484,-15.24926686,-13.7829912,-12.4340176,-10.6744868,-19.29618768,-13.45314205,-16.89054623,-41.82597138
51,-9.208211144,-17.41935484,-15.30791789,-13.7829912,-12.4340176,-10.6744868,-19.29618768,-13.43319178,-16.83070862,-40.94993744
,,,,,,,,,,
,,,,,,,,,,
"Gamma0 statistics. Lon. [-65, -54.5] [Deg], Lat. [-5, -3] [Deg]: HV Pol., Descending",,,,,,,,,,
Loc. inc. angle [Deg],Maximum [dB],5th percentile [dB],25th percentile [dB],Median [dB],75th percentile [dB],95th percentile [dB],Minimum [dB],Mean [dB],Std. Dev. [dB],SEM [dB]
25,-9.325513196,-17.24340176,-14.83870968,-13.43108504,-12.19941349,-10.6744868,-23.40175953,-13.20508783,-16.87977654,-37.54187553
26,-9.384164223,-16.8914956,-14.72140762,-13.37243402,-12.14076246,-10.61583578,-21.93548387,-13.12992707,-16.98460673,-38.92164485
27,-9.26686217,-16.59824047,-14.54545455,-13.31378299,-12.14076246,-10.61583578,-20.11730205,-13.06591841,-17.02467877,-40.22136402
28,-9.26686217,-16.48093842,-14.48680352,-13.25513196,-12.08211144,-10.55718475,-19.64809384,-13.00812535,-17.02762236,-41.57144103
29,-9.26686217,-16.42228739,-14.48680352,-13.25513196,-12.14076246,-10.55718475,-19.23753666,-13.00122094,-17.05694514,-42.96707719
30,-9.208211144,-16.30498534,-14.42815249,-13.25513196,-12.08211144,-10.55718475,-18.82697947,-12.97298942,-17.06052607,-44.36859639
31,-9.208211144,-16.24633431,-14.42815249,-13.19648094,-12.08211144,-10.55718475,-18.53372434,-12.94822524,-17.06713084,-45.69446333
32,-9.26686217,-16.24633431,-14.42815249,-13.25513196,-12.08211144,-10.55718475,-18.29912023,-12.96892601,-17.12630932,-47.00562268
33,-9.26686217,-16.24633431,-14.42815249,-13.25513196,-12.08211144,-10.55718475,-18.29912023,-12.97348382,-17.13396549,-48.17459281
34,-9.26686217,-16.18768328,-14.42815249,-13.25513196,-12.08211144,-10.55718475,-18.18181818,-12.96913639,-17.1394294,-49.25691458
35,-9.26686217,-16.18768328,-14.42815249,-13.25513196,-12.08211144,-10.55718475,-18.18181818,-12.96855885,-17.13842409,-50.24552181
36,-9.26686217,-16.18768328,-14.42815249,-13.25513196,-12.08211144,-10.55718475,-18.12316716,-12.96853846,-17.13657469,-51.19541226
37,-9.26686217,-16.24633431,-14.42815249,-13.25513196,-12.14076246,-10.55718475,-18.18181818,-12.98303847,-17.13921019,-52.11837056
38,-9.26686217,-16.24633431,-14.42815249,-13.25513196,-12.14076246,-10.61583578,-18.18181818,-13.01047345,-17.1639563,-52.99707324
39,-9.325513196,-16.30498534,-14.48680352,-13.31378299,-12.19941349,-10.6744868,-18.24046921,-13.0474805,-17.20159938,-53.75261382
40,-9.384164223,-16.42228739,-14.54545455,-13.37243402,-12.19941349,-10.6744868,-18.35777126,-13.09840945,-17.22887814,-54.18316154
41,-9.384164223,-16.53958944,-14.60410557,-13.43108504,-12.25806452,-10.73313783,-18.47507331,-13.14960785,-17.21890251,-54.10950519
42,-9.384164223,-16.71554252,-14.72140762,-13.48973607,-12.31671554,-10.73313783,-18.76832845,-13.20654998,-17.17387632,-53.53779018
43,-9.325513196,-16.8914956,-14.83870968,-13.5483871,-12.31671554,-10.73313783,-19.1202346,-13.26744121,-17.09222483,-52.64797076
44,-9.325513196,-17.12609971,-14.95601173,-13.60703812,-12.37536657,-10.73313783,-19.41348974,-13.33253254,-17.0400361,-51.71468941
45,-9.325513196,-17.36070381,-15.07331378,-13.72434018,-12.4340176,-10.73313783,-19.76539589,-13.40125099,-16.98740092,-50.7776002
46,-9.26686217,-17.53665689,-15.19061584,-13.7829912,-12.49266862,-10.73313783,-20,-13.46122921,-16.92267519,-49.8592501
47,-9.26686217,-17.71260997,-15.30791789,-13.84164223,-12.49266862,-10.73313783,-20.29325513,-13.5191349,-16.87507353,-48.90997799
48,-9.208211144,-17.88856305,-15.42521994,-13.95894428,-12.55131965,-10.73313783,-20.46920821,-13.57555938,-16.82160239,-47.92789745
49,-9.208211144,-18.06451613,-15.54252199,-14.01759531,-12.60997067,-10.73313783,-20.64516129,-13.62793623,-16.77044182,-46.90404762
50,-9.149560117,-18.29912023,-15.71847507,-14.07624633,-12.60997067,-10.73313783,-20.82111437,-13.680326,-16.70403227,-45.78260488
51,-9.149560117,-18.53372434,-15.89442815,-14.19354839,-12.6686217,-10.73313783,-20.99706745,-13.77806938,-16.68005034,-44.69906212
